Rank*,School District,Score,Expenditures for Public Elementary and Secondary Schools per Pupil,Income by School District
1,Los Nietos School District,0.03,"$14,525","$63,516"
2,Gen Shafter Elementary School District,0.13,"$17,245","$49,167"
3,Browns Elementary School District,0.17,"$10,664","$83,942"
4,Pajaro Valley Unified School District,0.19,"$13,924","$66,867"
5,Bonita Unified School District,0.27,"$10,602","$84,202"
6,Roseville City Elementary School District,0.28,"$11,104","$81,921"
7,Tracy Joint Unified School District,0.29,"$10,666","$84,256"
8,Anderson Valley Unified School District,0.31,"$17,941","$45,164"
9,San Marcos Unified School District,0.33,"$11,157","$81,207"
10,Val Verde Unified School District,0.38,"$14,085","$65,607"
11,Imperial Unified School District,0.51,"$10,778","$83,813"
12,Twin Ridges Elementary School District,0.54,"$18,845","$40,192"
13,North Monterey County Unified School District,0.55,"$12,794","$72,355"
14,Fountain Valley School District,0.56,"$9,634","$89,934"
15,Sulphur Springs Union School District,0.63,"$10,732","$83,254"
16,Lakeside Union Elementary School District,0.72,"$10,705","$83,339"
17,Wright Elementary School District,0.74,"$12,525","$74,690"
18,Galt Joint Union Elementary School District,0.81,"$12,624","$73,076"
19,Oxnard Union High School District,1,"$12,248","$74,936"
20,Arcohe Union Elementary School District,1.01,"$10,333","$86,530"
21,Covina Valley Unified School District,1.12,"$12,762","$72,119"
22,Lowell Joint Elementary School District,1.28,"$9,853","$87,475"
23,West Covina Unified School District,1.33,"$10,578","$83,581"
24,La Habra City Elementary School District,1.44,"$12,572","$74,932"
25,North Cow Creek Elementary School District,1.44,"$9,402","$91,786"
26,Lone Pine Unified School District,1.48,"$18,443","$43,750"
27,Klamath Trinity Joint Unified School District,1.48,"$19,369","$38,828"
28,Downey Unified School District,1.49,"$12,903","$71,110"
29,Pomona Unified School District,1.55,"$14,936","$60,261"
30,West Contra Costa Unified School District,1.56,"$12,364","$73,931"
31,East Whittier Elementary School District,1.57,"$10,657","$82,995"
32,Pleasant Valley Joint Union School District,1.57,"$12,819","$71,500"
33,Foresthill Union Elementary School District,1.59,"$11,406","$79,000"
34,Dry Creek Joint Elementary School District,1.59,"$9,658","$90,532"
35,Westside Union School District,1.68,"$9,924","$89,175"
36,Orcutt Union School District,1.72,"$10,240","$85,105"
37,Surprise Valley Joint Unified School District,1.76,"$18,000","$43,824"
38,Baker Valley Unified School District,1.8,"$18,755","$42,321"
39,Hornbrook Elementary School District,1.82,"$18,860","$39,211"
40,Rio Elementary School District,1.86,"$11,801","$76,712"
41,Chula Vista Elementary School District,1.88,"$11,672","$77,384"
42,Azusa Unified School District,1.92,"$14,445","$65,313"
43,Ravenswood City Elementary School District,2.07,"$14,202","$63,797"
44,Placer Union High School District,2.15,"$12,206","$74,350"
45,Templeton Unified School District,2.21,"$10,890","$84,418"
46,Junction Elementary School District,2.23,"$11,324","$78,988"
47,Twain Harte School District,2.23,"$14,838","$60,308"
48,Charter Oak Unified School District,2.49,"$11,604","$80,816"
49,Bassett Unified School District,2.55,"$14,625","$64,803"
50,Aromas/San Juan Unified School District,2.59,"$11,084","$83,654"
51,Norwalk La Mirada Unified School District,2.62,"$13,203","$72,409"
52,Muroc Unified School District,2.64,"$16,081","$57,123"
53,Mulberry Elementary School District,2.77,"$11,951","$79,167"
54,Los Alamitos Unified School District,2.78,"$11,235","$82,981"
55,San Benito Joint Union High School District,2.82,"$11,220","$83,093"
56,Cuyama Joint Unified School District,2.92,"$17,112","$47,734"
57,Hayward Unified School District,2.98,"$12,007","$79,022"
58,Big Valley Joint Unified School District,3.1,"$17,741","$48,625"
59,Ojai Unified School District,3.1,"$12,136","$74,053"
60,Igo-Ono-Plantina Union Elementary School District,3.25,"$19,450","$39,643"
61,Fallbrook Union High School District,3.37,"$14,421","$61,720"
62,Mountain Union Elementary School District,3.58,"$18,597","$39,375"
63,Hacienda La Puente Unified School District,3.58,"$12,585","$76,371"
64,Bonsall Unified School District,3.63,"$9,189","$94,457"
65,Hughson Unified School District,3.64,"$11,867","$75,104"
66,Lagunita Elementary School District,3.73,"$9,571","$92,500"
67,Center Unified School District,3.74,"$12,064","$73,989"
68,Clovis Unified School District,3.88,"$11,038","$79,342"
69,Soquel Union Elementary School District,3.9,"$10,433","$82,546"
70,Santa Barbara Unified School District,3.93,"$11,638","$76,122"
71,Janesville Unified Elementary School District,3.94,"$9,491","$87,526"
72,Hollister Elementary School District,3.97,"$10,582","$81,704"
73,Chaffey Union High School District,4.38,"$12,162","$73,015"
74,Napa Valley Unified School District,4.44,"$11,122","$84,755"
75,Elk Grove Unified School District,4.53,"$11,515","$76,348"
76,Golden Valley Unified School District,4.6,"$10,876","$79,696"
77,Lucia Mar Unified School District,4.62,"$11,385","$76,977"
78,Hart Ransom Union Elementary School District,4.66,"$9,322","$87,917"
79,Fairfield-Suisun Joint Unified School District,4.7,"$10,661","$80,769"
80,Sierra Unified School District,4.73,"$13,358","$73,067"
81,John Swett Unified School District,4.75,"$12,686","$76,655"
82,Tustin Unified School District,4.77,"$10,848","$86,439"
83,San Pasqual Valley Unified School District,4.83,"$21,280","$24,231"
84,Abc Unified School District,4.86,"$11,434","$76,547"
85,Santee School District,4.94,"$10,010","$84,062"
86,Hope Elementary School District,4.95,"$11,125","$78,125"
87,Willow Creek Elementary School District,4.97,"$16,750","$48,214"
88,Roseland School District,5.12,"$16,669","$55,744"
89,Wheatland Union High School District,5.32,"$12,018","$80,606"
90,Folsom-Cordova Unified School District,5.56,"$11,232","$84,957"
91,Mt View Elementary School District,5.6,"$10,466","$81,171"
92,Sebastopol Union Elementary School District,5.7,"$11,080","$77,841"
93,Centralia Elementary School District,5.71,"$11,894","$73,502"
94,Wilmar Union Elementary School District,5.79,"$9,393","$94,896"
95,Wiseburn Unified School District,5.8,"$6,428","$102,500"
96,Monrovia Unified School District,5.96,"$13,173","$74,922"
97,Guerneville Elementary School District,5.97,"$14,622","$58,822"
98,Western Placer Unified School District,6.1,"$10,671","$79,732"
99,Antioch Unified School District,6.18,"$12,318","$70,918"
100,South Whittier Elementary School District,6.23,"$13,579","$64,185"
101,Alpine Union Elementary School District,6.27,"$10,088","$91,534"
102,Gravenstein Union School District,6.33,"$10,594","$88,889"
103,Ventura Unified School District,6.41,"$11,435","$75,454"
104,San Leandro Unified School District,6.49,"$12,258","$71,020"
105,Riverside Unified School District,6.53,"$12,332","$70,599"
106,Luther Burbank Elementary School District,6.68,"$13,265","$65,536"
107,Oxnard School District,6.93,"$12,861","$67,507"
108,Fullerton Joint Union High School District,6.94,"$11,514","$74,663"
109,West Side Union Elementary School District,7.01,"$11,181","$86,250"
110,Fullerton Elementary School District,7.05,"$11,503","$74,644"
111,Duarte Unified School District,7.06,"$11,758","$73,279"
112,Rowland Unified School District,7.06,"$12,009","$71,944"
113,Gold Trail Union Elementary School District,7.17,"$9,385","$85,814"
114,Cienega Union Elementary School District,7.24,"$11,833","$72,750"
115,Waugh Elementary School District,7.27,"$9,926","$93,104"
116,Cloverdale Unified School District,7.43,"$12,660","$68,226"
117,Loleta Union Elementary School District,7.48,"$17,139","$44,375"
118,Elverta Joint Elementary School District,7.51,"$12,131","$81,546"
119,Whittier Union High School District,7.59,"$14,025","$71,534"
120,Rocklin Unified School District,7.59,"$8,990","$98,304"
121,Mark West Union Elementary School District,7.6,"$11,041","$76,711"
122,Lawndale Elementary School District,7.72,"$13,853","$61,675"
123,Galt Joint Union High School District,7.84,"$13,714","$73,363"
124,Placer Hills Union Elementary School District,7.84,"$11,198","$86,741"
125,Valley Center-Pauma Unified School District,7.94,"$12,404","$80,400"
126,Anaheim Union High School District,8.08,"$12,615","$68,002"
127,Valle Lindo Elementary School District,8.28,"$13,498","$63,167"
128,Newhall School District,8.33,"$10,068","$93,091"
129,Alta Loma Elementary School District,8.58,"$9,802","$94,682"
130,Princeton Joint Unified School District,8.64,"$15,285","$53,417"
131,Valley Home Elementary School District,8.67,"$10,479","$78,942"
132,Johnstonville Elementary School District,8.7,"$10,447","$79,091"
133,Vacaville Unified School District,8.78,"$10,517","$78,668"
134,Torrance Unified School District,8.86,"$10,632","$90,470"
135,Grant Elementary School District,8.9,"$10,191","$92,841"
136,Jefferson Elementary School District,9.02,"$11,280","$87,133"
137,Ocean View Elementary School District,9.02,"$11,586","$85,507"
138,Fillmore Unified School District,9.02,"$13,101","$64,761"
139,Chino Unified School District,9.06,"$10,448","$91,589"
140,Santa Maria Joint Union High School District,9.08,"$13,017","$65,161"
141,Westwood Unified School District,9.11,"$16,686","$45,641"
142,Alum Rock Union Elementary School District,9.33,"$13,726","$74,349"
143,Huntington Bch City Elementary School District,9.35,"$9,752","$95,490"
144,Temecula Valley Unified School District,9.42,"$9,650","$96,079"
145,Live Oak Elementary School District,9.48,"$11,961","$70,498"
146,Mupu School District,9.53,"$10,045","$94,063"
147,Cotati-Rohnert Pk Unified School District,9.66,"$12,358","$68,262"
148,Garden Grove Unified School District,9.82,"$12,765","$65,981"
149,Murrieta Valley Unified School District,9.85,"$10,906","$89,705"
150,East Nicolaus Joint Union High School District,9.88,"$11,688","$71,667"
151,Winters Joint Unified School District,9.88,"$12,174","$82,988"
152,Alvord Unified School District,9.91,"$12,822","$65,619"
153,Hemet Unified School District,9.95,"$16,755","$44,680"
154,Sonoma Valley Unified School District,10.01,"$13,009","$78,638"
155,Siskiyou Union High School District,10.06,"$16,282","$47,116"
156,Ramona City Unified School District,10.16,"$10,918","$89,864"
157,Junction City Elementary School District,10.19,"$18,357","$50,338"
158,San Lorenzo Unified School District,10.27,"$11,408","$72,877"
159,Burbank Unified School District,10.29,"$11,331","$73,277"
160,Atascadero Unified School District,10.31,"$10,597","$77,163"
161,Oak Grove Union Elementary School District,10.38,"$8,423","$88,672"
162,Cucamonga School District,10.4,"$13,640","$60,921"
163,Sweetwater Union High School District,10.51,"$12,775","$65,443"
164,Monterey Peninsula Unified School District,10.54,"$12,052","$69,263"
165,Savanna Elementary School District,10.67,"$11,568","$71,747"
166,Jurupa Unified School District,10.69,"$12,538","$66,579"
167,French Gulch-Whiskeytown Elementary School District,10.73,"$16,931","$43,194"
168,Bret Harte Union High School District,10.75,"$16,726","$59,404"
169,El Dorado Unified High School District,10.85,"$11,575","$86,856"
170,Buena Park Elementary School District,10.97,"$12,770","$65,150"
171,Junction Elementary School District,10.98,"$19,393","$45,385"
172,Bellevue Union Elementary School District,11,"$13,148","$63,118"
173,Two Rock Union School District,11.1,"$14,097","$73,625"
174,Harmony Union Elementary School District,11.11,"$13,417","$77,250"
175,Oakley Union Elementary School District,11.2,"$10,399","$93,355"
176,Brea Olinda Unified School District,11.23,"$10,267","$94,079"
177,Little Lake Elementary School District,11.26,"$11,734","$70,453"
178,Monroe Elementary School District,11.46,"$15,874","$48,304"
179,San Ysidro Elementary School District,11.55,"$14,474","$55,684"
180,Forestville Elementary School District,11.6,"$15,243","$67,887"
181,Wheatland School District,11.62,"$12,849","$64,268"
182,Corona Norco Unified School District,11.67,"$11,351","$88,620"
183,Esparto Unified School District,11.79,"$12,223","$67,477"
184,Lake Elsinore Unified School District,11.97,"$11,718","$70,034"
185,North County Joint Union School District,12.02,"$9,035","$101,179"
186,Silver Vly Unified School District,12.13,"$14,892","$53,050"
187,Huntington Beach Union High School District,12.14,"$12,190","$84,493"
188,Whittier City School District,12.15,"$12,292","$66,857"
189,Vallecito Union Elementary School District,12.18,"$14,550","$54,833"
190,Southside Elementary School District,12.18,"$8,301","$105,196"
191,Garvey Elementary School District,12.58,"$15,576","$49,096"
192,Pleasant Valley School District,12.74,"$10,193","$95,532"
193,Vista Unified School District,12.77,"$11,234","$72,046"
194,Shandon Unified School District,12.91,"$13,991","$57,292"
195,Santa Ynez Valley Union High School District,12.96,"$12,514","$83,346"
196,Rosemead Elementary School District,12.97,"$13,514","$59,788"
197,Outside Creek Elementary School District,13,"$11,843","$68,647"
198,San Diego City Unified School District,13.1,"$11,416","$70,843"
199,Bennett Valley Union School District,13.12,"$10,767","$92,750"
200,Mountain View Elementary School District,13.24,"$15,707","$47,939"
201,El Monte City School District,13.32,"$15,499","$48,984"
202,Pasadena Unified School District,13.34,"$12,727","$82,485"
203,Santa Ana Unified School District,13.56,"$12,971","$62,257"
204,Tres Pinos Union Elementary School District,13.58,"$8,872","$84,028"
205,Upland Unified School District,13.6,"$11,401","$70,571"
206,Pittsburg Unified School District,13.67,"$12,617","$64,057"
207,Mccabe Union Elementary School District,13.7,"$9,660","$99,038"
208,Hope Elementary School District,13.74,"$10,785","$73,750"
209,West Sonoma County Union High School District,13.78,"$14,022","$75,911"
210,Dixon Unified School District,14.14,"$9,814","$78,630"
211,Bogus Elementary School District,14.22,"$19,385","$47,708"
212,Loomis Union School District,14.23,"$6,341","$97,029"
213,Manteca Unified School District,14.23,"$11,523","$69,479"
214,Raymond Knowles Union Elementary School District,14.29,"$13,975","$56,406"
215,Walnut Creek Elementary School District,14.31,"$11,430","$90,062"
216,Linden Unified School District,14.46,"$11,702","$68,370"
217,Anaheim Elementary School District,14.51,"$12,553","$63,812"
218,Peninsula Union School District,14.54,"$16,865","$40,865"
219,Rincon Valley Union Elementary School District,14.85,"$13,153","$81,283"
220,Fontana Unified School District,14.87,"$13,064","$60,840"
221,Black Oak Mine Unified School District,14.9,"$10,827","$72,713"
222,San Lucas Union Elementary School District,14.91,"$14,527","$53,036"
223,Helendale Elementary School District,14.91,"$10,508","$74,400"
224,Mammoth Unified School District,15.1,"$12,016","$66,250"
225,Leggett Valley Unified School District,15.17,"$20,276","$22,292"
226,Woodland Joint Unified School District,15.34,"$12,226","$64,965"
227,Round Valley Elementary School District,15.37,"$11,510","$68,750"
228,Saddleback Valley Unified School District,15.45,"$10,660","$94,957"
229,Redlands Unified School District,15.49,"$10,625","$73,366"
230,Moreno Valley Unified School District,15.54,"$12,732","$62,131"
231,Long Beach Unified School District,15.58,"$12,489","$63,395"
232,Nevada Joint Union High School District,15.65,"$13,353","$58,756"
233,Montgomery Elementary School District,15.67,"$20,171","$44,554"
234,Gold Oak Unified Elementary School District,15.76,"$10,256","$75,139"
235,Dunham Elementary School District,15.8,"$11,135","$92,679"
236,Davis Joint Unified School District,15.85,"$12,299","$64,220"
237,Claremont Unified School District,15.86,"$11,543","$90,549"
238,Cypress Elementary School District,15.87,"$10,827","$94,365"
239,Mountain Valley Unified School District,15.92,"$18,842","$29,389"
240,El Rancho Unified School District,15.93,"$11,914","$66,210"
241,Bangor Union Elementary School District,16.01,"$16,618","$41,146"
242,Lemon Grove School District,16.06,"$12,603","$62,456"
243,El Monte Union High School District,16.14,"$14,911","$50,130"
244,Hueneme Elementary School District,16.15,"$11,921","$66,013"
245,Patterson Joint Unified School District,16.31,"$12,086","$65,025"
246,Roseville Joint Union High School District,16.32,"$11,916","$88,890"
247,Fallbrook Union Elementary School District,16.33,"$12,799","$61,221"
248,La Mesa-Spring Valley Elem,16.34,"$11,347","$68,935"
249,Durham Unified School District,16.46,"$10,785","$71,835"
250,Gonzales Unified School District,16.59,"$13,360","$58,056"
251,Byron Union Elementary School District,16.63,"$7,932","$110,290"
252,Simi Valley Unified School District,16.68,"$10,765","$95,265"
253,Glendale Unified School District,16.68,"$12,006","$65,188"
254,Ontario Montclair School District,16.81,"$13,829","$55,410"
255,Central Union Elementary School District,17,"$14,503","$51,694"
256,San Rafael Elementary District,17.03,"$12,069","$88,577"
257,Camino Union Elementary District,17.05,"$11,423","$68,032"
258,Alhambra Unified School District,17.05,"$13,482","$57,081"
259,Benicia Unified School District,17.12,"$10,132","$98,940"
260,Pacific Elementary School District,17.29,"$12,275","$63,333"
261,Santa Paula Unified School District,17.47,"$13,710","$55,574"
262,Little Shasta Elementary School District,17.55,"$21,188","$40,469"
263,Sanger Unified School District,17.57,"$11,545","$67,014"
264,Salinas Union High School District,17.7,"$12,363","$62,576"
265,Lakeside Union Elementary School District,17.71,"$10,159","$74,281"
266,Richmond Elementary School District,17.79,"$8,368","$83,750"
267,Indian Diggings Elementary School District,17.87,"$14,000","$53,750"
268,Alameda Unified School District,17.93,"$10,387","$98,150"
269,Buckeye Union School District,18,"$8,491","$108,283"
270,Flournoy Union Elementary School District,18.04,"$15,154","$47,500"
271,Los Angeles Unified School District,18.08,"$13,247","$57,607"
272,Kingsburg Joint Unified High School District,18.13,"$11,874","$64,869"
273,Oakland Unified School District,18.2,"$11,195","$68,428"
274,Orange Unified School District,18.41,"$11,434","$92,925"
275,Snelling-Merced Falls Union Elementary School District,18.42,"$14,110","$52,778"
276,Southern Kern Unified School District,18.43,"$13,442","$56,328"
277,Panama Buena Vista Union School District,18.48,"$11,008","$69,229"
278,Gazelle Union Elementary School District,18.56,"$21,269","$40,750"
279,Antelope Valley Union High School District,18.58,"$13,553","$55,630"
280,San Luis Coastal Unified School District,18.65,"$12,344","$62,008"
281,Beaumont Unified School District,18.75,"$10,693","$70,715"
282,Carpinteria Unified School District,18.76,"$14,403","$77,392"
283,Romoland Elementary School District,18.85,"$11,690","$65,342"
284,Ballico Cressey Elementary School District,19.01,"$12,079","$63,164"
285,Le Grand Union High School District,19.01,"$15,840","$43,167"
286,Eastside Union High School District,19.11,"$10,292","$99,492"
287,Magnolia Elementary School District,19.21,"$12,723","$59,597"
288,FRank*lin Elementary School District,19.21,"$9,167","$78,500"
289,Carlsbad Unified School District,19.25,"$10,420","$98,904"
290,Glendora Unified School District,19.26,"$10,953","$96,081"
291,Washington Unified School District,19.31,"$11,767","$64,611"
292,Williams Unified School District,19.33,"$12,251","$62,024"
293,Alta Dutch Flat Union Elementary School District,19.51,"$12,294","$61,667"
294,Norris Elementary School District,19.74,"$8,359","$110,208"
295,Natomas Unified School District,19.99,"$9,532","$76,009"
296,Twin Hills Union Elementary School District,20.09,"$10,473","$99,216"
297,Sierra Plumas Joint Unified School District,20.16,"$14,504","$49,464"
298,Oak View Elementary School District,20.22,"$9,759","$74,643"
299,Maxwell Unified School District,20.26,"$12,410","$60,526"
300,Fruitvale Elementary School District,20.29,"$9,735","$74,722"
301,Paso Robles Joint Unified School District,20.3,"$11,612","$64,740"
302,South Pasadena Unified School District,20.34,"$11,002","$96,579"
303,Grossmont Union High School District,20.37,"$10,759","$69,219"
304,Denair Unified School District,20.63,"$12,908","$86,652"
305,Vallejo City Unified School District,20.69,"$11,239","$66,446"
306,Penn Valley Union Elementary School District,20.75,"$11,909","$62,843"
307,Soledad Unified School District,20.77,"$12,754","$58,333"
308,Bellflower Unified School District,20.79,"$12,198","$61,277"
309,Summerville Elementary School District,20.81,"$10,650","$69,489"
310,Robla Elementary School District,20.81,"$13,441","$54,652"
311,Culver City Unified School District,20.83,"$12,209","$90,510"
312,Saucelito Elementary School District,21.07,"$13,953","$51,750"
313,FRank*lin Mckinley Elementary Sch,21.09,"$10,086","$72,292"
314,Solvang Elementary School District,21.15,"$9,013","$77,955"
315,Bella Vista Elementary School District,21.2,"$12,026","$61,906"
316,Travis Unified School District,21.21,"$10,877","$97,859"
317,Palm Springs Unified School District,21.23,"$14,951","$46,335"
318,William S Hart Union High School District,21.26,"$10,579","$99,477"
319,Plumas Elementary School District,21.28,"$10,406","$100,412"
320,Soulsbyville Elementary School District,21.42,"$9,189","$76,829"
321,Delphic Elementary School District,21.42,"$11,918","$62,321"
322,Le Grand Union Elementary School District,21.43,"$14,440","$48,906"
323,Fieldbrook Elementary School District,21.48,"$10,583","$69,375"
324,Elkins Elementary School District,21.57,"$16,333","$38,750"
325,Sutter Union High School District,21.66,"$10,293","$70,789"
326,San Antonio Union Elementary School District,21.71,"$14,116","$50,433"
327,Arcadia Unified School District,21.74,"$11,607","$94,347"
328,Westminster School District,21.77,"$11,694","$63,266"
329,Summerville Union High School District,21.8,"$11,859","$62,365"
330,Delhi Unified School District,21.81,"$13,235","$55,045"
331,Jefferson Elementary School District,21.83,"$9,948","$103,234"
332,Jamul-Dulzura Union School District,21.84,"$10,857","$98,409"
333,Gilroy Unified School District,21.85,"$11,239","$96,385"
334,Pleasant Ridge Union Elementary School District,22.09,"$10,500","$69,389"
335,Placentia-Yorba Linda Unified,22.1,"$11,108","$97,253"
336,Rio Bravo-Greeley Union School District,22.19,"$10,259","$101,833"
337,Pleasant Grove Joint Union Elementary School District,22.26,"$9,880","$72,563"
338,Canyon Elementary School District,22.58,"$13,556","$84,583"
339,Garfield Elementary School District,22.59,"$12,355","$90,972"
340,San Miguel Joint Union Elementary School District,22.63,"$11,107","$65,785"
341,Rosedale Union Elementary School District,22.79,"$10,896","$98,870"
342,Martinez Unified School District,22.81,"$11,112","$97,734"
343,Temple City Unified School District,22.98,"$10,788","$67,233"
344,South Bay Union School District,23.05,"$13,642","$52,011"
345,Windsor Unified School District,23.08,"$11,332","$96,757"
346,Escalon Unified School District,23.1,"$10,368","$69,380"
347,El Segundo Unified School District,23.19,"$10,959","$98,813"
348,Santa Maria-Bonita School District,23.21,"$12,298","$59,041"
349,Trinity Center Elementary School District,23.28,"$21,917","$40,625"
350,Sacramento City Unified School District,23.41,"$12,722","$56,651"
351,Briggs School District,23.51,"$11,557","$62,772"
352,Stone Corral Elementary School Districtrict,23.72,"$15,989","$39,063"
353,Lodi Unified School District,23.78,"$11,165","$64,665"
354,Mcswain Union Elementary School District,24.17,"$10,513","$101,875"
355,New Hope Elementary School District,24.28,"$15,356","$42,031"
356,Knightsen Elementary School District,24.35,"$10,318","$103,036"
357,Butteville Elementary School District,24.39,"$10,459","$67,989"
358,Mother Lode Union Elementary School District,24.53,"$10,606","$67,108"
359,Newman-Crows Landing Unified School District,24.57,"$11,775","$60,868"
360,Rialto Unified School District,24.59,"$12,504","$56,977"
361,Round Valley Unified School District,24.65,"$16,024","$38,224"
362,Burnt Ranch Elementary School District,24.68,"$15,000","$43,646"
363,Biggs Unified School District,24.7,"$11,944","$59,872"
364,Lewiston Elementary School District,24.71,"$16,097","$37,794"
365,Plumas Unified School District,24.73,"$13,197","$53,194"
366,Desert Sands Unified School District,24.9,"$12,561","$56,458"
367,Gateway Unified School District,24.96,"$14,200","$47,700"
368,Walnut Valley Unified School District,24.99,"$10,783","$101,018"
369,Pacheco Union Elementary School District,25.01,"$10,520","$67,228"
370,Curtis Creek Elementary School District,25.02,"$11,875","$60,018"
371,Columbia Elementary School District,25.13,"$11,192","$63,571"
372,Paramount Unified School District,25.13,"$12,942","$54,267"
373,Pacific Union Elementary School District,25.2,"$15,239","$42,011"
374,Lassen Union High School District,25.29,"$11,560","$61,498"
375,Oakdale Joint Unified School District,25.43,"$11,048","$64,123"
376,Escondido Union Elementary School District,25.48,"$10,895","$64,901"
377,Kit Carson Elementary School District,25.49,"$12,916","$54,155"
378,Manchester Union Elementary School District,25.56,"$20,325","$50,694"
379,Compton Unified School District,25.6,"$13,338","$51,835"
380,Manzanita Elementary School District,25.61,"$10,213","$68,438"
381,Salinas City Elementary School District,25.82,"$12,196","$57,746"
382,Chawanakee Joint Unified School District,25.88,"$11,529","$61,250"
383,Belleview Elementary School District,25.92,"$13,006","$53,371"
384,Menifee Union Elementary School District,26.04,"$10,282","$67,764"
385,Yreka Union High School District,26.1,"$14,574","$44,910"
386,Ocean View School District,26.2,"$11,780","$59,691"
387,Riverbank Unified School District,26.33,"$13,064","$52,772"
388,Laytonville Unified School District,26.38,"$15,261","$41,061"
389,Escondido Union High School District,26.42,"$10,600","$65,809"
390,Mccloud Union Elementary School District,26.44,"$15,365","$40,469"
391,Midway Elementary School District,26.48,"$21,847","$43,250"
392,Moorpark Unified School District,26.66,"$10,335","$104,573"
393,Sylvan Union Elementary School District,26.72,"$10,114","$68,181"
394,Kern High School District,26.74,"$12,847","$53,641"
395,Piner Olivet Union Elementary School District,26.76,"$12,372","$93,818"
396,Tulare Joint Union High School District,26.77,"$13,538","$49,945"
397,Sierra Sands Unified School District,26.84,"$10,915","$63,836"
398,Central Unified School District,26.86,"$11,136","$62,652"
399,Irvine Unified School District,27.14,"$10,962","$101,576"
400,Colton Joint Unified School District,27.17,"$12,254","$56,486"
401,Jefferson Union High School District,27.19,"$11,892","$96,673"
402,Lemoore Union High School District,27.26,"$12,162","$56,917"
403,Ferndale Unified School District,27.27,"$13,194","$51,424"
404,Yosemite Unified School District,27.32,"$10,739","$64,438"
405,Cajon Valley Union School District,27.34,"$11,300","$61,440"
406,Clear Creek Elementary School District,27.38,"$9,741","$69,702"
407,Alisal Union School District,27.4,"$11,870","$58,371"
408,Lake Tahoe Unified School District,27.46,"$12,236","$56,380"
409,Empire Union Elementary School District,27.5,"$11,870","$58,295"
410,Perris Elementary School District,27.54,"$13,764","$48,200"
411,Auburn Union Elementary School District,27.56,"$10,837","$63,745"
412,Brentwood School District,27.6,"$10,586","$103,902"
413,Happy Valley Union School District,27.6,"$11,351","$60,984"
414,Ripon Unified School District,27.63,"$7,044","$83,863"
415,Cinnabar Elementary School District,27.85,"$14,398","$83,816"
416,Etiwanda Elementary School District,27.88,"$10,347","$105,367"
417,Pollock Pines Elementary School District,27.95,"$11,191","$61,588"
418,Cascade Union Elementary School District,28.05,"$15,458","$38,841"
419,Mt Diablo Unified School District,28.07,"$12,803","$92,445"
420,Kelseyville Unified School District,28.27,"$13,037","$51,552"
421,Hanford Joint Union High School District,28.3,"$11,661","$58,848"
422,Central School District,28.35,"$10,171","$66,730"
423,Calaveras Unified School District,28.38,"$11,908","$57,474"
424,Goleta Union School District,28.39,"$15,388","$78,927"
425,Capistrano Unified School District,28.62,"$9,388","$110,985"
426,Albany City Unified School District,28.67,"$13,596","$88,655"
427,San Lorenzo Valley Unified School District,28.69,"$5,736","$90,070"
428,San Juan Unified School District,28.72,"$11,096","$61,552"
429,Riverdale Joint Unified School District,28.84,"$13,126","$50,678"
430,Hughes Elizabeth Lakes Union School District,28.85,"$10,414","$65,086"
431,Mt Baldy Elementary School District,28.88,"$12,872","$52,000"
432,Hilmar Unified School District,28.89,"$11,220","$60,778"
433,Berkeley Unified School District,28.98,"$15,081","$80,979"
434,Novato Unified School District,29.07,"$11,526","$99,938"
435,Liberty Union High School District,29.11,"$11,157","$101,929"
436,Live Oak Unified School District,29.19,"$11,921","$56,835"
437,Oceanside Unified School District,29.24,"$11,020","$61,595"
438,Greenfield Union Elementary School District,29.25,"$12,020","$56,271"
439,Rescue Elementary School District,29.52,"$10,128","$107,686"
440,Snowline Joint Unified School District,29.73,"$11,433","$59,053"
441,Golden Plains Unified School District,29.96,"$15,323","$38,211"
442,Old Adobe Union School District,30.02,"$12,367","$96,135"
443,Mark Twain Union Elementary School District,30.02,"$10,685","$62,822"
444,Sequoia Union Elementary School District,30.08,"$10,628","$63,083"
445,Brittan Elementary School District,30.13,"$9,201","$70,638"
446,Santa Rita Union Elementary School District,30.25,"$9,988","$66,367"
447,Holtville Unified School District,30.26,"$13,379","$48,333"
448,Baldwin Park Unified School District,30.28,"$10,768","$62,201"
449,Burrel Union Elementary School District,30.61,"$14,692","$41,111"
450,Big Sur Unified School District,30.68,"$15,982","$34,205"
451,Anderson Union High School District,30.91,"$12,933","$50,250"
452,Shaffer Union Elementary School District,30.92,"$11,982","$55,294"
453,Three River Union Elementary School District,30.97,"$9,027","$70,972"
454,Bitterwater Tully Union School District,31.06,"$13,471","$91,000"
455,Kirkwood Elementary School District,31.1,"$11,309","$58,750"
456,Cayucos Elementary School District,31.11,"$18,712","$63,175"
457,Black Butte Union School District,31.17,"$13,521","$46,939"
458,South San Francisco Unified School District,31.24,"$12,036","$98,757"
459,Pierce J. T. Unified School District,31.36,"$10,849","$61,006"
460,Millville Elementary School District,31.46,"$9,954","$65,694"
461,Fort Sage Unified School District,31.54,"$13,201","$48,382"
462,Montebello Unified School District,31.54,"$12,986","$49,521"
463,Salida Union Elementary School District,31.58,"$8,539","$73,134"
464,Gustine Unified School District,31.64,"$11,500","$57,353"
465,Centinela Valley Union High School District,31.77,"$12,662","$51,085"
466,San Bruno Park Elementary School District,31.77,"$11,347","$102,793"
467,Maple Elementary School District,31.88,"$9,442","$68,125"
468,Tulelake Basin Joint Unified School District,32.18,"$14,975","$38,500"
469,Conejo Valley Unified School District,32.42,"$10,744","$106,452"
470,Castaic Union School District,32.47,"$10,350","$108,584"
471,Sonora Union High School District,32.63,"$11,941","$54,309"
472,Chualar Elementary School District,32.69,"$12,091","$53,472"
473,Livingston Union School District,32.74,"$12,361","$52,004"
474,Edison Elementary School District,32.75,"$12,867","$49,306"
475,Shasta Union High School District,32.84,"$12,289","$52,315"
476,Placerville Union Elementary School District,32.88,"$10,386","$62,404"
477,Lincoln Unified School District,32.91,"$10,517","$61,686"
478,Chatom Union School District,32.96,"$12,813","$49,446"
479,Acton-Agua Dulce Unified School District,33.07,"$3,161","$100,676"
480,Laton Joint Unified School District,33.16,"$13,994","$43,021"
481,Rim World Unified School District,33.18,"$11,281","$57,433"
482,Cuddeback Elementary School District,33.31,"$10,839","$59,688"
483,Yucaipa Joint Unified School District,33.38,"$10,061","$63,778"
484,Scott Valley Unified School District,33.46,"$12,749","$49,428"
485,Bayshore Elementary School District,33.54,"$13,730","$91,366"
486,Tehachapi Unified School District,33.58,"$10,066","$63,607"
487,Hanford Elementary School District,33.72,"$11,618","$55,264"
488,Keyes Union Elementary School District,33.75,"$11,640","$55,124"
489,Bishop Unified School District,33.8,"$11,574","$55,437"
490,Lompoc Unified School District,33.82,"$10,801","$59,535"
491,South Bay Union Elementary School District,33.84,"$10,239","$62,508"
492,South Monterey County Joint Union High School District,33.89,"$12,027","$52,969"
493,Union Hill Elementary School District,33.93,"$9,554","$66,083"
494,Palmdale Elementary School District,33.94,"$12,106","$52,509"
495,Montague Elementary School District,34.01,"$12,656","$49,536"
496,Jamestown Elementary School District,34.07,"$12,811","$48,674"
497,Stoney Creek Joint Unified School District,34.08,"$23,294","$40,909"
498,Reeds Creek Elementary School District,34.1,"$9,169","$68,011"
499,Yuba City Unified School District,34.11,"$11,581","$55,186"
500,Inglewood Unified School District,34.26,"$12,149","$52,059"
501,Knights Ferry Elementary School District,34.28,"$8,458","$71,667"
502,El Nido School District,34.34,"$13,765","$43,409"
503,Sundale Unified Elementary School District,34.92,"$10,035","$62,832"
504,San Jose Unified School District,35.19,"$11,570","$104,013"
505,Mountain Elementary School District,35.28,"$12,748","$97,813"
506,Dehesa Elementary School District,35.31,"$2,207","$104,167"
507,Merced Union High School District,35.51,"$12,554","$49,028"
508,Traver Joint Elementary School District,35.61,"$13,144","$45,819"
509,River Delta Unified School District,35.61,"$10,048","$62,274"
510,Merced River Union Elementary School District,35.64,"$11,403","$55,052"
511,Chicago Park Elementary School District,35.64,"$9,602","$64,625"
512,Grass Valley Elementary School District,35.79,"$12,542","$48,889"
513,Visalia Unified School District,35.81,"$11,230","$55,849"
514,Twin Rivers Unified School District,35.84,"$12,954","$46,667"
515,Woodlake Unified School District,35.88,"$13,407","$44,232"
516,Perris Union High School District,35.91,"$12,656","$48,200"
517,Castle Rock Union School District,35.93,"$14,700","$37,321"
518,Nevada City Elementary School District,35.99,"$10,506","$59,571"
519,Caruthers Unified School District,36.04,"$13,392","$44,196"
520,Coachella Valley Unified School District,36.05,"$14,930","$36,012"
521,Tulare City School District,36.07,"$11,692","$53,213"
522,Lindsay Unified School District,36.08,"$15,333","$33,854"
523,Stanislaus Union Elementary School District,36.21,"$10,810","$57,804"
524,Monte Rio Union Elementary School District,36.25,"$20,427","$57,676"
525,Weaver Union School District,36.28,"$11,997","$51,442"
526,Somis Union Elementary School District,36.29,"$11,989","$102,560"
527,Ceres Unified School District,36.3,"$11,492","$54,117"
528,San Bernardino City Unified School District,36.33,"$13,451","$43,683"
529,Caliente Union Elementary School District,36.35,"$14,900","$35,962"
530,Eureka Union Elementary School District,36.36,"$10,325","$111,454"
531,Lynwood Unified School District,36.42,"$12,352","$49,461"
532,Big Oak Flat-Groveland Unified School District,36.63,"$19,742","$61,581"
533,Firebaugh-Las Deltas Unified School District,36.69,"$13,865","$41,225"
534,Fowler Unified School District,36.77,"$12,174","$50,156"
535,Bear Valley Unified School District,36.8,"$12,137","$50,336"
536,Lemoore Union Elementary School District,36.94,"$10,583","$58,494"
537,Trinity Alps Unified School District,37.04,"$13,449","$43,191"
538,Hawthorne Elementary School District,37.16,"$12,663","$47,285"
539,Fall River Joint Unified School District,37.24,"$12,863","$46,162"
540,Delano Union Elementary School District,37.28,"$13,610","$42,169"
541,Trinidad Union Elementary School District,37.32,"$10,995","$56,042"
542,Weed Union Elementary School District,37.35,"$14,206","$38,947"
543,Los Molinos Unified School District,37.35,"$13,187","$44,362"
544,Tahoe Truckee Unified School District,37.44,"$16,401","$79,915"
545,Capay Joint Union Elementary School District,37.5,"$10,764","$57,143"
546,Northern Humboldt Union High School District,37.78,"$12,968","$45,226"
547,Brawley Union High School District,37.96,"$13,395","$42,829"
548,Middletown Unified School District,38.03,"$10,557","$57,870"
549,Scotts Valley Unified School District,38.04,"$10,590","$111,225"
550,Redondo Beach Unified School District,38.46,"$10,449","$112,271"
551,Red Bluff Union High School District,38.47,"$13,317","$42,886"
552,Enterprise Elementary School District,38.48,"$12,253","$48,532"
553,Del Norte County Unified School District,38.53,"$12,863","$45,258"
554,Burton Elementary School District,38.55,"$10,796","$56,231"
555,Upper Lake Unified School District,38.64,"$13,332","$42,688"
556,Eastside Union Elementary School District,38.7,"$12,285","$48,212"
557,Blue Lake Elementary School District,38.74,"$12,292","$48,147"
558,Mariposa County Unified School District,38.77,"$11,762","$50,944"
559,Millbrae Elementary School District,38.84,"$10,430","$112,640"
560,San Rafael High School District,38.87,"$14,012","$93,618"
561,Ukiah Unified School District,38.94,"$11,665","$51,334"
562,Los Banos Unified School District,39.09,"$11,536","$51,919"
563,Guadalupe Joint Elementary School District,39.15,"$12,762","$45,361"
564,Turlock Unified School District,39.24,"$11,075","$54,264"
565,Corning Union High School District,39.52,"$13,199","$42,774"
566,Banning Unified School District,39.69,"$13,372","$41,737"
567,San Gabriel Unified School District,39.79,"$9,086","$64,446"
568,Redding Elementary School District,40.01,"$12,057","$48,503"
569,Bakersfield Elementary School District,40.08,"$13,609","$40,201"
570,Julian Union Elementary School District,40.22,"$10,917","$54,412"
571,National Elementary School District,40.32,"$12,690","$44,916"
572,Saugus Union School District,40.34,"$10,635","$112,604"
573,Redwood City Elementary School District,40.39,"$12,031","$105,221"
574,Castro Valley Unified School District,40.4,"$10,854","$111,481"
575,Pioneer Union School District,40.43,"$11,293","$52,263"
576,Central Union High School District,40.5,"$12,429","$46,177"
577,Chowchilla Union High School District,40.63,"$11,947","$48,648"
578,Berryessa Union Elementary School District,40.63,"$10,961","$111,080"
579,Bridgeville Elementary School District,40.66,"$22,654","$48,942"
580,Keppel Union Elementary School District,40.81,"$12,165","$47,361"
581,Bass Lake Joint Union Elementary School District,40.84,"$10,375","$56,856"
582,Shiloh Elementary School District,40.86,"$10,663","$55,313"
583,Fortuna Union High School District,40.91,"$12,577","$45,105"
584,Roberts Ferry Union Elementary School District,41.18,"$11,750","$49,306"
585,Buttonwillow Union Elementary School District,41.21,"$14,078","$36,914"
586,Selma Unified School District,41.41,"$13,113","$41,902"
587,Fresno Unified School District,41.41,"$13,567","$39,488"
588,Coalinga Huron Joint Unified School District,41.42,"$12,698","$44,101"
589,Semitropic Elementary School District,41.5,"$13,851","$37,917"
590,Camptonville Union School District,41.55,"$10,239","$57,083"
591,Hesperia Unified School District,41.57,"$10,574","$55,286"
592,Coronado Unified School District,41.63,"$12,891","$101,520"
593,Newark Unified School District,41.95,"$11,681","$108,181"
594,Amador County Unified School District,41.95,"$9,411","$61,198"
595,Nuestro Elementary School District,42,"$7,436","$71,667"
596,Adelanto Elementary School District,42,"$11,686","$49,070"
597,Oak Grove Elementary School District,42.02,"$11,772","$107,744"
598,Dixie Elementary School District,42.03,"$12,037","$106,344"
599,Fort Bragg Unified School District,42.06,"$12,081","$46,927"
600,Kings Canyon Unified School District,42.36,"$12,686","$43,502"
601,Hamilton Unified School District,42.37,"$12,509","$44,438"
602,Heber Elementary School District,42.45,"$12,525","$44,293"
603,Julian Union High School District,42.48,"$21,748","$55,036"
604,Magnolia Union Elementary School District,42.57,"$10,789","$53,438"
605,Lassen View Elementary School District,42.61,"$9,963","$57,800"
606,Marysville Unified School District,42.72,"$11,862","$47,629"
607,New Haven Unified School District,42.75,"$12,313","$105,379"
608,Gerber Union Elementary School District,42.87,"$12,763","$42,734"
609,Plaza Elementary School District,42.87,"$8,809","$63,750"
610,Madera Unified School District,43,"$12,013","$46,628"
611,Colfax Elementary School District,43.04,"$10,355","$55,417"
612,Santa Clara Elementary School District,43.08,"$11,017","$112,500"
613,Kings River Elementary School District,43.08,"$12,194","$45,610"
614,Pacific Grove Unified School District,43.26,"$16,031","$85,979"
615,Exeter Unified School District,43.35,"$11,624","$48,455"
616,Bonny Doon Union Elementary,43.38,"$13,774","$98,056"
617,Happy Camp Union Elementary School District,43.48,"$14,102","$35,185"
618,Fairfax Elementary School District,43.65,"$12,043","$46,012"
619,Dunsmuir Elementary School District,43.72,"$14,368","$33,603"
620,Springville Union Elementary School District,43.82,"$9,749","$58,088"
621,Mesa Union Elementary School District,43.95,"$5,048","$144,844"
622,Planada Elementary School District,43.96,"$13,065","$40,361"
623,Mckinleyville Union Elementary School District,44,"$10,806","$52,344"
624,King City Union School District,44.05,"$11,502","$48,605"
625,Campbell Union School District,44.11,"$13,244","$101,387"
626,Lake Elementary School District,44.13,"$9,818","$57,500"
627,Reef Sunset Unified School District,44.23,"$13,050","$40,255"
628,Owens Valley Unified School District,44.26,"$24,424","$42,063"
629,Shasta Union Elementary School District,44.28,"$9,744","$57,793"
630,Westmorland Union Elementary School District,44.38,"$13,562","$37,426"
631,College Elementary School District,44.71,"$17,124","$81,184"
632,Farmersville Unified School District,45.1,"$13,268","$38,481"
633,Delano Joint Union High School District,45.29,"$13,447","$37,398"
634,Kenwood School District,45.3,"$18,950","$71,898"
635,Gridley Unified School District,45.5,"$10,900","$50,788"
636,Lakeport Unified School District,45.57,"$11,828","$45,808"
637,Colusa Unified School District,45.57,"$11,019","$50,106"
638,Pacifica School District,45.71,"$10,791","$115,555"
639,El Tejon Unified School District,45.73,"$11,846","$45,595"
640,Brawley Elementary School District,45.9,"$12,308","$43,024"
641,Poway Unified School District,46.05,"$11,181","$113,719"
642,Freshwater Elementary School District,46.23,"$10,525","$52,269"
643,Nuview Union School District,46.29,"$8,630","$62,301"
644,South Humbolot Joint Unified School District,46.32,"$12,944","$39,341"
645,Butte Valley Unified School District,46.35,"$14,000","$33,707"
646,Newport Mesa Unified School District,46.4,"$14,459","$96,542"
647,Pioneer Union Elementary School District,46.49,"$14,119","$32,981"
648,Eureka City Unified School District,46.51,"$12,082","$43,794"
649,Palo Verde Unified School District,46.53,"$12,469","$41,723"
650,Cottonwood Union Elementary School District,46.57,"$10,560","$51,842"
651,Wilsona School District,46.63,"$13,050","$38,562"
652,Meadows Elementary School District,46.83,"$12,839","$39,545"
653,Morgan Hill Unified School District,46.89,"$9,890","$121,178"
654,Pond Union Elementary School District,46.97,"$14,145","$32,500"
655,Washington Colony Elementary School District,47.01,"$11,469","$46,700"
656,Dinuba Unified School District,47.1,"$12,212","$42,690"
657,Lakeside Union Elementary School District,47.12,"$12,221","$42,625"
658,Lost Hills Union Elementary School District,47.36,"$13,729","$34,438"
659,Arvin Union School District,47.37,"$12,985","$38,387"
660,Taft City School District,47.43,"$11,580","$45,811"
661,Lancaster School District,47.48,"$11,123","$48,208"
662,Mountain Empire Unified School District,47.56,"$7,565","$67,067"
663,Greenfield Union School District,47.61,"$11,008","$48,729"
664,Victor Elementary School District,47.89,"$11,138","$47,841"
665,Mojave Unified School District,47.91,"$12,300","$41,652"
666,Woodville Elementary School District,47.94,"$14,235","$31,339"
667,Vallecitos Elementary School District,47.98,"$7,157","$68,938"
668,Klamath River Elementary School District,48.17,"$14,300","$30,833"
669,Fortuna Elementary School District,48.23,"$11,359","$46,427"
670,Calexico Unified School District,48.25,"$12,423","$40,759"
671,Atwater Elementary School District,48.26,"$10,305","$52,006"
672,Oroville Union High School District,48.27,"$12,497","$40,349"
673,Moreland School District,48.28,"$12,703","$107,199"
674,Mattole Unified School District,48.61,"$10,872","$48,750"
675,Chico Unified School District,48.7,"$10,215","$52,176"
676,Waukena Unified Elementary School District,48.72,"$12,447","$40,294"
677,Blake Elementary School District,48.76,"$15,846","$90,833"
678,Big Springs Elementary School District,48.82,"$10,391","$51,154"
679,Lagunitas Elementary School District,49.21,"$16,233","$89,091"
680,Winton School District,49.35,"$11,692","$43,866"
681,Earlimart Elementary School District,49.56,"$14,169","$30,552"
682,Dos Palos Oro-Loma Joint Unified,49.56,"$12,104","$41,528"
683,Cambrian School District,49.63,"$10,879","$117,845"
684,Parlier Unified School District,49.64,"$13,644","$33,290"
685,Cutler-Orosi Unified School District,49.65,"$12,892","$37,274"
686,South Fork Union School District,49.71,"$13,469","$34,167"
687,Merced City School District,49.74,"$11,348","$45,424"
688,Orland Joint Unified School District,49.74,"$11,159","$46,426"
689,Grenada Elementary School District,50.13,"$10,615","$49,046"
690,West Park Elementary School District,50.15,"$11,844","$42,500"
691,Oak Run Elementary School District,50.28,"$11,591","$43,750"
692,Lennox School District,50.57,"$11,495","$44,059"
693,San Jacinto Unified School District,50.76,"$10,938","$46,886"
694,Stockton City Unified School District,50.93,"$12,022","$40,998"
695,Chowchilla Elementary School District,50.99,"$10,556","$48,750"
696,Hot Springs Elementary School District,51,"$16,167","$18,917"
697,Borrego Springs Unified School District,51.19,"$12,471","$38,431"
698,Richgrove Elementary School District,51.24,"$15,589","$21,824"
699,Sunnyside Unified Elementary School District,51.25,"$13,194","$34,545"
700,Victor Valley Joint Union High School District,51.52,"$10,398","$49,219"
701,Kerman Unified School District,51.52,"$11,086","$45,559"
702,Mendocino Unified School District,51.55,"$21,468","$62,912"
703,San Francisco Unified School District,51.59,"$13,640","$104,552"
704,Red Bluff Union Elementary School District,51.82,"$12,011","$40,434"
705,Richfield Elementary School District,51.92,"$10,081","$50,625"
706,Evergreen Union Elementary School District,52.14,"$10,341","$49,085"
707,Mt Shasta Union School District,52.26,"$10,496","$48,179"
708,Clay Joint Elementary School District,52.29,"$9,561","$53,125"
709,Wasco Union Elementary School District,52.42,"$12,404","$37,925"
710,Alview Dairyland Union Elementary,52.56,"$10,858","$46,042"
711,Lamont Elementary School District,52.6,"$11,930","$40,316"
712,Calipatria Unified School District,52.6,"$13,804","$30,350"
713,Morongo Unified School District,52.71,"$11,870","$40,559"
714,Richland-Lerdo Elementary,52.89,"$11,514","$42,323"
715,Barstow Unified School District,53,"$11,482","$42,412"
716,Di Giorgio Elementary School Districtrict,53.01,"$12,607","$36,429"
717,Hydesville Elementary School District,53.07,"$9,687","$51,905"
718,Terra Bella Union Elementary School District,53.18,"$12,907","$34,712"
719,Kernville Union Elementary School District,53.43,"$12,920","$34,471"
720,Oroville City Elementary School District,53.62,"$11,387","$42,483"
721,Washington Unified School District,53.74,"$12,257","$37,778"
722,Monson Sultana Joint Union Elementary School District,54.18,"$11,440","$41,806"
723,Coast Unified School District,54.36,"$20,790","$68,490"
724,Santa Cruz City High School District,54.39,$260,"$101,094"
725,Willits Unified School District,54.66,"$11,286","$42,292"
726,Corcoran Joint Unified School District,54.72,"$12,004","$38,429"
727,Konocti Unified School District,54.79,"$12,966","$33,264"
728,Scotia Union Elementary School District,54.89,"$12,094","$37,831"
729,Porterville Unified School District,55.02,"$12,321","$36,531"
730,Needles Unified School District,55.26,"$13,191","$31,738"
731,Campbell Union High School District,55.29,"$13,228","$109,341"
732,Wasco Union High School District,55.3,"$12,037","$37,844"
733,Pixley Union Elementary School District,55.46,"$14,005","$27,269"
734,Susanville Elementary School District,55.63,"$9,188","$52,758"
735,Corning Union Elementary School District,55.74,"$11,183","$42,078"
736,Modoc Joint Unified School District,55.92,"$10,786","$44,063"
737,Healdsburg Unified School District,55.95,"$16,611","$91,827"
738,Allensworth Elementary School District,56.38,"$13,683","$28,333"
739,Cutten Elementary School District,56.57,"$9,847","$48,594"
740,Lucerne Elementary School District,56.73,"$12,110","$36,453"
741,Burlingame Elementary School District,56.76,"$10,794","$123,316"
742,Palermo Union Elementary School District,56.77,"$11,792","$38,117"
743,Mount Pleasant Elementary School District,56.79,"$14,400","$104,167"
744,Columbine Elementary School District,57,"$10,310","$45,833"
745,Potter Valley Cmty. Unif. School District,57.15,"$22,259","$62,642"
746,Geyserville Unified School District,57.26,"$18,169","$84,464"
747,Livermore Valley Joint Unified School District,57.64,"$11,323","$121,121"
748,Yreka Unified Elementary School District,57.69,"$10,825","$42,609"
749,Sunol Glen Elementary School District,57.81,"$11,792","$118,750"
750,El Centro Elementary School District,57.81,"$10,721","$43,074"
751,Apple Valley Unified School District,57.87,"$8,812","$53,184"
752,Santa Monica-Malibu Unified School District,57.89,"$15,621","$98,455"
753,Liberty Elementary School District,58.13,"$2,034","$89,028"
754,Alta Vista Elementary School District,58.13,"$12,511","$33,333"
755,Paradise Unified School District,58.17,"$9,702","$48,242"
756,Oak Park Unified School District,58.4,"$9,951","$128,954"
757,Willows Unified School District,58.66,"$9,806","$47,339"
758,Los Olivos Elementary School District,58.92,"$15,496","$99,844"
759,San Pasqual Union School District,59.05,"$10,605","$125,929"
760,Douglas City Elementary School District,59.29,"$11,297","$38,971"
761,Standard School District,59.38,"$10,468","$43,319"
762,Pleasant View Elementary School District,59.42,"$12,863","$30,556"
763,Forks Of Salmon Elementary School District,59.71,"$29,444","$26,250"
764,Thermalito Union Elementary School District,59.72,"$12,291","$33,382"
765,Buena Vista Elementary School District,60.05,"$10,533","$42,500"
766,Linns Val-Poso Flat Union School District,60.09,"$26,364","$42,891"
767,Encinitas Union Elementary School District,60.71,"$11,877","$120,336"
768,Orchard Elementary School District,60.74,"$11,384","$122,980"
769,Howell Mt Elementary School District,60.8,"$18,081","$87,422"
770,Mission Union Elementary School District,60.8,"$11,092","$39,000"
771,Arcata Elementary School District,61.07,"$12,481","$31,426"
772,Blochman Union Elementary School District,61.09,"$1,695","$88,750"
773,Taft Union High School District,61.09,"$26,005","$45,505"
774,Newcastle Elementary School District,61.33,"$4,653","$72,854"
775,Calistoga Joint Unified School District,61.43,"$18,894","$83,542"
776,Seeley Union Elementary School District,61.82,"$12,290","$31,912"
777,Rio Dell Elementary School District,61.87,"$11,306","$37,108"
778,Milpitas Unified School District,62.14,"$11,069","$125,644"
779,Washington Union Elementary School District,62.6,"$10,155","$130,824"
780,Evergreen Elementary School District,62.62,"$10,612","$128,405"
781,Tipton Elementary School District,62.89,"$11,681","$34,397"
782,Rockford Elementary School District,62.91,"$10,860","$38,750"
783,Eastern Sierra Unified School District,62.96,"$24,540","$54,605"
784,Sonora Elementary School District,63.18,"$9,250","$47,115"
785,Cardiff Elementary School District,63.2,"$14,660","$107,296"
786,Strathmore Union Elementary School District,63.4,"$12,046","$32,098"
787,Columbia Union School District,64.1,"$10,410","$40,303"
788,Cabrillo Unified School District,64.11,"$12,275","$120,614"
789,Fremont Unified School District,64.22,"$11,018","$127,374"
790,Bradley Union Elementary School District,64.39,"$4,080","$73,750"
791,Mcfarland Unified School District,65.3,"$11,191","$35,307"
792,Armona Union Elementary School District,65.38,"$9,151","$46,092"
793,San Dieguito Union High School District,65.59,"$11,201","$127,370"
794,Las Virgenes Unified School District,65.92,"$11,125","$128,000"
795,Antelope Elementary School District,66.12,"$10,369","$39,096"
796,Seiad Elementary School District,66.4,"$26,294","$47,708"
797,Plainsburg Elementary School District,67.08,"$9,308","$44,063"
798,Ross Valley School District,67.13,"$12,394","$122,108"
799,Palo Verde Union Elementary School District,67.23,"$10,472","$37,770"
800,Big Pine Unified School District,67.34,"$25,219","$54,083"
801,Buellton Union Elementary School District,67.93,"$20,154","$81,421"
802,Ducor Union Elementary School District,68.04,"$12,559","$26,103"
803,Banta Elementary School District,68.61,"$5,696","$62,188"
804,Hermosa Beach Elementary School District,70.38,"$9,988","$137,188"
805,Oak Valley Union Elementary School District,70.88,"$9,877","$38,365"
806,Waterford Unified School District,72.06,"$6,135","$57,426"
807,San Mateo-Foster City School District,72.11,"$12,491","$125,099"
808,Mendota Unified School District,72.56,"$11,212","$30,085"
809,Orick Elementary School District,73.2,"$30,368","$30,833"
810,Pacific Elementary School District,73.39,"$8,186","$45,586"
811,Southern Trinity Joint Unified School District,74.49,"$30,880","$29,022"
812,Vineland Elementary School District,75.05,"$10,880","$30,099"
813,Beardsley Elementary School District,75.81,"$10,940","$29,245"
814,Reservation Elementary School District,76.25,"$25,167","$60,625"
815,Dublin Unified School Districtrict,76.25,"$10,430","$138,970"
816,Golden Feather Union School District,76.74,"$8,078","$43,802"
817,Spreckels Union School District,77.71,"$8,916","$148,046"
818,Emery Unified School District,78.66,"$17,972","$100,568"
819,Gorman Elementary School District,78.76,$453,"$82,917"
820,New Jerusalem Elementary School District,80.06,"$5,740","$53,895"
821,Beverly Hills Unified School District,80.07,"$17,657","$103,241"
822,Elk Hills Elementary School District,80.35,"$10,620","$27,750"
823,Union Elementary School District,80.44,"$11,366","$136,941"
824,Sausalito Elementary School District,80.5,"$18,883","$97,024"
825,Acalanes Union High School District,81.7,"$14,295","$122,258"
826,Big Creek Elementary School District,81.87,"$20,797","$87,813"
827,Westside Elementary School District,82.27,"$8,238","$39,063"
828,Liberty Elementary School District,82.86,"$7,518","$42,474"
829,Belridge Elementary School District,84.16,"$28,825","$46,750"
830,Belmont-Redwood Shores Elementary School District,87.86,"$11,344","$142,277"
831,Brisbane Elementary School District,88.21,"$17,091","$111,975"
832,Happy Valley Elementary School District,89.88,"$12,217","$139,063"
833,Mountain View Whisman School District,91.56,"$14,946","$125,737"
834,Larkspur-Cole-Madera School District,91.73,"$13,931","$131,250"
835,Kentfield Elementary School District,93.02,"$14,457","$129,359"
836,Latrobe Elementary School District,94.38,"$15,562","$124,448"
837,Sunnyvale School District,95.24,"$14,530","$130,538"
838,Palos Verdes Peninsula Unified School District,95.62,"$11,907","$144,749"
839,Pleasanton Unified School District,96.31,"$11,307","$148,421"
840,Sequoia Union High School District,98.63,"$16,314","$123,438"
841,Marcum Illinois Union Elementary School District,101.58,"$1,014","$63,875"
842,Pope Valley Union Elementary School District,101.9,"$28,281","$62,125"
843,Orange Center School District,102.28,"$4,648","$44,063"
844,Alexander Valley Union Elementary School District,102.29,"$19,750","$107,750"
845,Santa Clara Unified School District,102.8,"$17,223","$121,542"
846,Carmel Unified School District,102.91,"$22,712","$92,437"
847,San Mateo High School District,102.95,"$17,001","$122,829"
848,Trona Joint Unified School District,104.11,"$5,562","$37,917"
849,La Honda Pescadero Unified School District,104.67,"$19,320","$111,712"
850,Lucerne Valley Unified School District,104.82,"$7,006","$29,741"
851,Meridian Elementary School District,104.88,$914,"$62,083"
852,Spencer Valley Elementary School District,106.14,"$1,139","$60,000"
853,Moraga School District,107.32,"$12,398","$150,372"
854,San Ramon Valley Unified School District,108.73,"$10,908","$159,284"
855,Alpaugh Unified School District,108.93,"$6,196","$31,154"
856,Ballard Elementary School District,109.64,"$16,725","$129,000"
857,Cupertino Union Elementary School District,109.69,"$11,257","$158,108"
858,Whitmore Union Elementary School District,110.57,"$2,175","$51,375"
859,Manhattan Beach Unified School District,111.16,"$12,960","$150,083"
860,Del Mar Union Elementary School District,117.04,"$14,474","$146,177"
861,Dunsmuir Joint High School District,117.27,"$35,587","$34,107"
862,Fremont Union High School District,117.94,"$14,645","$145,897"
863,Loma Prieta Joint Elementary School District,119.52,"$13,646","$152,321"
864,Willow Grove Elementary School District,120.04,"$24,357","$95,750"
865,Nicasio School District,120.07,"$22,465","$105,833"
866,Solana Beach Elementary School District,122.06,"$17,930","$131,336"
867,Feather Falls Union Elementary School District,122.25,"$5,481","$25,583"
868,Lafayette Elementary School District,122.43,"$12,299","$161,528"
869,Laguna Beach Unified School District,122.65,"$19,481","$123,507"
870,San Marino Unified School District,123.41,"$13,803","$154,224"
871,Pine Ridge Elementary School District,123.69,"$24,459","$97,778"
872,Winship-Robbins School District,123.7,"$1,048","$48,125"
873,Warner Unified School District,123.76,"$2,191","$42,009"
874,Tamalpais Union High School District,124.93,"$18,416","$130,775"
875,Mill Valley Elementary School District,126.91,"$14,946","$150,610"
876,Los Gatos Union School District,127.76,"$12,802","$162,611"
877,Shoreline Unified School District,130.05,"$28,061","$83,107"
878,Laguna Joint Elementary School District,132.26,"$26,077","$95,208"
879,St Helena Unified School District,132.96,"$27,432","$88,494"
880,Horicon Elementary School District,133.37,"$29,790","$76,250"
881,San Carlos Elementary School District,134.76,"$12,138","$171,061"
882,Oro Grande Elementary School District,141.11,"$2,035","$30,625"
883,La Canada Unified School District,141.78,"$11,594","$178,897"
884,Maricopa Unified School District,143.68,$990,"$34,375"
885,Reed Union Elementary School District,144.69,"$15,602","$159,641"
886,Mountain House Elementary School District,148.97,"$28,250","$95,417"
887,Kneeland Elementary School District,150.71,"$32,615","$73,438"
888,Ravendale-Termo Elementary School District,153.29,$809,"$28,571"
889,Alpine County Unified School District,156.48,"$35,025","$64,688"
890,Mt Vw-Los Altos Unified High School District,160.08,"$20,860","$142,519"
891,Rancho Santa Fe Elementary School District,160.14,"$21,002","$141,806"
892,Fort Ross School District,161.38,"$38,000","$52,321"
893,Mckittrick Elementary School District,169.09,"$41,221","$40,625"
894,Los Gatos-Saratoga Union High School District,170.32,"$16,723","$171,720"
895,Palo Alto Unified School District,173.72,"$20,962","$151,579"
896,Vista Del Mar Elementary School District,174.46,"$29,493","$106,750"
897,Jefferson Elementary School District,178.44,"$34,111","$85,000"
898,Big Lagoon Elementary School District,184.59,"$41,235","$51,458"
899,Coffee Creek Elementary School District,186.26,"$42,200","$47,500"
900,Cold Spring Elementary School District,189.82,"$21,918","$157,824"
901,Menlo Park City Elementary School District,190.97,"$17,368","$182,819"
902,Orinda Union Elementary School District,196,"$13,025","$209,449"
903,Saratoga Union Elementary School District,202.08,"$18,109","$186,703"
904,Los Altos Elementary School District,203.38,"$15,669","$200,585"
905,Las Lomitas Elementary School District,208.58,"$20,139","$180,481"
906,Montecito Elementary School District,218.14,"$29,215","$138,967"
907,Lincoln Elementary School District,221.93,"$37,000","$100,250"
908,Lakeside Joint School District,224.87,"$23,784","$172,574"
909,Piedmont City Unified School District,225.57,"$16,668","$210,889"
910,Death Valley Unified School District,281.06,"$57,808","$31,250"
911,Portola Valley Elementary School District,282.25,"$25,016","$206,406"
912,Panoche Elementary School District,286.8,"$57,000","$39,583"
913,Bolinas Stinson Unified School District,303.19,"$50,703","$84,596"
914,Hillsborough City School District,309.04,"$20,362","$250,000"
915,Ross Elementary School District,311.99,"$20,752","$250,000"
916,Woodside Elementary School District,338.51,"$27,516","$232,708"
917,Silver Fork Elementary School District,436.07,"$72,333","$63,125"
918,Desert Center Unified School District,440.19,"$77,200","$40,156"
919,Indian Springs Elementary School District,453.31,"$82,571","$20,833"